-- phpMyAdmin SQL Dump
-- version 5.0.2
-- https://www.phpmyadmin.net/
--
-- Host: 127.0.0.1
-- Generation Time: Oct 31, 2020 at 01:52 PM
-- Server version: 10.4.11-MariaDB
-- PHP Version: 7.4.5

SET SQL_MODE = "NO_AUTO_VALUE_ON_ZERO";
START TRANSACTION;
SET time_zone = "+00:00";


/*!40101 SET @OLD_CHARACTER_SET_CLIENT=@@CHARACTER_SET_CLIENT */;
/*!40101 SET @OLD_CHARACTER_SET_RESULTS=@@CHARACTER_SET_RESULTS */;
/*!40101 SET @OLD_COLLATION_CONNECTION=@@COLLATION_CONNECTION */;
/*!40101 SET NAMES utf8mb4 */;

--
-- Database: `sipakan`
--

-- --------------------------------------------------------

--
-- Table structure for table `attributes`
--

CREATE TABLE `attributes` (
  `id` bigint(20) UNSIGNED NOT NULL,
  `code` varchar(191) COLLATE utf8mb4_unicode_ci NOT NULL,
  `name` varchar(191) COLLATE utf8mb4_unicode_ci NOT NULL,
  `type` varchar(191) COLLATE utf8mb4_unicode_ci NOT NULL,
  `validation` varchar(191) COLLATE utf8mb4_unicode_ci DEFAULT NULL,
  `is_required` tinyint(1) NOT NULL DEFAULT 0,
  `is_unique` tinyint(1) NOT NULL DEFAULT 0,
  `is_filterable` tinyint(1) NOT NULL DEFAULT 0,
  `is_configurable` tinyint(1) NOT NULL DEFAULT 0,
  `created_at` timestamp NULL DEFAULT NULL,
  `updated_at` timestamp NULL DEFAULT NULL
) ENGINE=InnoDB DEFAULT CHARSET=utf8mb4 COLLATE=utf8mb4_unicode_ci;

--
-- Dumping data for table `attributes`
--

INSERT INTO `attributes` (`id`, `code`, `name`, `type`, `validation`, `is_required`, `is_unique`, `is_filterable`, `is_configurable`, `created_at`, `updated_at`) VALUES
(1, 'Size', 'size', 'select', NULL, 0, 0, 1, 1, '2020-10-30 05:23:56', '2020-10-30 05:23:56'),
(2, 'color', 'Color', 'select', NULL, 0, 0, 1, 1, '2020-10-30 05:24:51', '2020-10-30 05:24:51');

-- --------------------------------------------------------

--
-- Table structure for table `attribute_options`
--

CREATE TABLE `attribute_options` (
  `id` bigint(20) UNSIGNED NOT NULL,
  `attribute_id` bigint(20) UNSIGNED NOT NULL,
  `name` varchar(191) COLLATE utf8mb4_unicode_ci NOT NULL,
  `created_at` timestamp NULL DEFAULT NULL,
  `updated_at` timestamp NULL DEFAULT NULL
) ENGINE=InnoDB DEFAULT CHARSET=utf8mb4 COLLATE=utf8mb4_unicode_ci;

--
-- Dumping data for table `attribute_options`
--

INSERT INTO `attribute_options` (`id`, `attribute_id`, `name`, `created_at`, `updated_at`) VALUES
(1, 1, 'XL', '2020-10-30 05:24:09', '2020-10-30 05:24:09'),
(2, 1, 'L', '2020-10-30 05:24:13', '2020-10-30 05:24:13'),
(3, 1, 'M', '2020-10-30 05:24:20', '2020-10-30 05:24:20'),
(4, 2, 'Merah', '2020-10-30 05:25:09', '2020-10-30 05:25:09'),
(5, 2, 'Kuning', '2020-10-30 05:25:15', '2020-10-30 05:25:15'),
(6, 2, 'Hijau', '2020-10-30 05:25:20', '2020-10-30 05:25:20');

-- --------------------------------------------------------

--
-- Table structure for table `categories`
--

CREATE TABLE `categories` (
  `id` bigint(20) UNSIGNED NOT NULL,
  `name` varchar(191) COLLATE utf8mb4_unicode_ci NOT NULL,
  `slug` varchar(191) COLLATE utf8mb4_unicode_ci NOT NULL,
  `parent_id` bigint(20) NOT NULL,
  `created_at` timestamp NULL DEFAULT NULL,
  `updated_at` timestamp NULL DEFAULT NULL
) ENGINE=InnoDB DEFAULT CHARSET=utf8mb4 COLLATE=utf8mb4_unicode_ci;

--
-- Dumping data for table `categories`
--

INSERT INTO `categories` (`id`, `name`, `slug`, `parent_id`, `created_at`, `updated_at`) VALUES
(1, 'Pakan Bebek 2', 'pakan-bebek-2', 0, '2020-10-30 05:38:36', '2020-10-30 05:38:36'),
(2, 'Pakan Bebek 3', 'pakan-bebek-3', 1, '2020-10-30 05:38:52', '2020-10-30 05:38:52'),
(3, 'pakan 4', 'pakan-4', 1, '2020-10-30 17:14:45', '2020-10-30 17:14:45');

-- --------------------------------------------------------

--
-- Table structure for table `jobs`
--

CREATE TABLE `jobs` (
  `id` bigint(20) UNSIGNED NOT NULL,
  `queue` varchar(191) COLLATE utf8mb4_unicode_ci NOT NULL,
  `payload` longtext COLLATE utf8mb4_unicode_ci NOT NULL,
  `attempts` tinyint(3) UNSIGNED NOT NULL,
  `reserved_at` int(10) UNSIGNED DEFAULT NULL,
  `available_at` int(10) UNSIGNED NOT NULL,
  `created_at` int(10) UNSIGNED NOT NULL
) ENGINE=InnoDB DEFAULT CHARSET=utf8mb4 COLLATE=utf8mb4_unicode_ci;

-- --------------------------------------------------------

--
-- Table structure for table `migrations`
--

CREATE TABLE `migrations` (
  `id` int(10) UNSIGNED NOT NULL,
  `migration` varchar(255) COLLATE utf8mb4_unicode_ci NOT NULL,
  `batch` int(11) NOT NULL
) ENGINE=InnoDB DEFAULT CHARSET=utf8mb4 COLLATE=utf8mb4_unicode_ci;

--
-- Dumping data for table `migrations`
--

INSERT INTO `migrations` (`id`, `migration`, `batch`) VALUES
(10, '2020_10_28_083901_rename_column_in_products_table', 8),
(89, '2014_10_12_100000_create_password_resets_table', 9),
(90, '2020_10_27_011912_create_users_table', 9),
(91, '2020_10_27_093008_create_categories_table', 9),
(92, '2020_10_28_074412_create_products_table', 9),
(93, '2020_10_28_080546_create_attributes_table', 9),
(94, '2020_10_28_080928_create_product_attribute_values_table', 9),
(95, '2020_10_28_081627_create_product_inventories_table', 9),
(96, '2020_10_28_081924_create_product_categories_table', 9),
(97, '2020_10_28_082201_create_product_images_table', 9),
(98, '2020_10_28_084849_rename_column_in_products_table', 9),
(99, '2020_10_29_125525_alter_column_in_products_table', 9),
(100, '2020_10_30_015129_add_columns_to_attributes_table', 9),
(101, '2020_10_30_015440_create_attribute_options_table', 9),
(102, '2020_10_30_031030_remove_column_product_attribute_value_id_in_product_inventories_table', 9),
(103, '2020_10_30_031349_add_parent_id_and_type_to_products_table', 9),
(104, '2020_10_30_031539_alter_as_nullable_column_in_products_table', 9),
(105, '2020_10_30_031713_alter_attribute_relation_in_product_attribute_values_table', 9),
(106, '2020_10_30_110134_create_permission_tables', 9),
(107, '2020_10_31_025231_add_full_text_search_index_to_products_table', 10),
(108, '2020_10_31_030354_add_parent_product_id_to_product_attribute_values_table', 11),
(109, '2020_10_31_033240_rename_column_and_add_columns_in_users_table', 12),
(110, '2020_10_31_064856_create_orders_table', 12),
(111, '2020_10_31_065216_create_order_items_table', 12),
(112, '2020_10_31_065415_create_payments_table', 12),
(113, '2020_10_31_065553_create_shipments_table', 12),
(114, '2020_10_31_072857_create_jobs_table', 13);

-- --------------------------------------------------------

--
-- Table structure for table `model_has_permissions`
--

CREATE TABLE `model_has_permissions` (
  `permission_id` bigint(20) UNSIGNED NOT NULL,
  `model_type` varchar(191) COLLATE utf8mb4_unicode_ci NOT NULL,
  `model_id` bigint(20) UNSIGNED NOT NULL
) ENGINE=InnoDB DEFAULT CHARSET=utf8mb4 COLLATE=utf8mb4_unicode_ci;

-- --------------------------------------------------------

--
-- Table structure for table `model_has_roles`
--

CREATE TABLE `model_has_roles` (
  `role_id` bigint(20) UNSIGNED NOT NULL,
  `model_type` varchar(191) COLLATE utf8mb4_unicode_ci NOT NULL,
  `model_id` bigint(20) UNSIGNED NOT NULL
) ENGINE=InnoDB DEFAULT CHARSET=utf8mb4 COLLATE=utf8mb4_unicode_ci;

--
-- Dumping data for table `model_has_roles`
--

INSERT INTO `model_has_roles` (`role_id`, `model_type`, `model_id`) VALUES
(1, 'App\\Models\\User', 1),
(2, 'App\\Models\\User', 2);

-- --------------------------------------------------------

--
-- Table structure for table `orders`
--

CREATE TABLE `orders` (
  `id` bigint(20) UNSIGNED NOT NULL,
  `user_id` bigint(20) UNSIGNED NOT NULL,
  `code` varchar(191) COLLATE utf8mb4_unicode_ci NOT NULL,
  `status` varchar(191) COLLATE utf8mb4_unicode_ci NOT NULL,
  `order_date` datetime NOT NULL,
  `payment_due` datetime NOT NULL,
  `payment_status` varchar(191) COLLATE utf8mb4_unicode_ci NOT NULL,
  `base_total_price` decimal(16,2) NOT NULL DEFAULT 0.00,
  `tax_amount` decimal(16,2) NOT NULL DEFAULT 0.00,
  `tax_percent` decimal(16,2) NOT NULL DEFAULT 0.00,
  `discount_amount` decimal(16,2) NOT NULL DEFAULT 0.00,
  `discount_percent` decimal(16,2) NOT NULL DEFAULT 0.00,
  `shipping_cost` decimal(16,2) NOT NULL DEFAULT 0.00,
  `grand_total` decimal(16,2) NOT NULL DEFAULT 0.00,
  `note` text COLLATE utf8mb4_unicode_ci DEFAULT NULL,
  `customer_first_name` varchar(191) COLLATE utf8mb4_unicode_ci NOT NULL,
  `customer_last_name` varchar(191) COLLATE utf8mb4_unicode_ci NOT NULL,
  `customer_address1` varchar(191) COLLATE utf8mb4_unicode_ci DEFAULT NULL,
  `customer_address2` varchar(191) COLLATE utf8mb4_unicode_ci DEFAULT NULL,
  `customer_phone` varchar(191) COLLATE utf8mb4_unicode_ci DEFAULT NULL,
  `customer_email` varchar(191) COLLATE utf8mb4_unicode_ci DEFAULT NULL,
  `customer_city_id` varchar(191) COLLATE utf8mb4_unicode_ci DEFAULT NULL,
  `customer_province_id` varchar(191) COLLATE utf8mb4_unicode_ci DEFAULT NULL,
  `customer_postcode` int(11) DEFAULT NULL,
  `shipping_courier` varchar(191) COLLATE utf8mb4_unicode_ci DEFAULT NULL,
  `shipping_service_name` varchar(191) COLLATE utf8mb4_unicode_ci DEFAULT NULL,
  `approved_by` bigint(20) UNSIGNED DEFAULT NULL,
  `approved_at` datetime DEFAULT NULL,
  `cancelled_by` bigint(20) UNSIGNED DEFAULT NULL,
  `cancelled_at` datetime DEFAULT NULL,
  `cancellation_note` text COLLATE utf8mb4_unicode_ci DEFAULT NULL,
  `deleted_at` timestamp NULL DEFAULT NULL,
  `created_at` timestamp NULL DEFAULT NULL,
  `updated_at` timestamp NULL DEFAULT NULL
) ENGINE=InnoDB DEFAULT CHARSET=utf8mb4 COLLATE=utf8mb4_unicode_ci;

-- --------------------------------------------------------

--
-- Table structure for table `order_items`
--

CREATE TABLE `order_items` (
  `id` bigint(20) UNSIGNED NOT NULL,
  `order_id` bigint(20) UNSIGNED NOT NULL,
  `product_id` bigint(20) UNSIGNED NOT NULL,
  `qty` int(11) NOT NULL,
  `base_price` decimal(16,2) NOT NULL DEFAULT 0.00,
  `base_total` decimal(16,2) NOT NULL DEFAULT 0.00,
  `tax_amount` decimal(16,2) NOT NULL DEFAULT 0.00,
  `tax_percent` decimal(16,2) NOT NULL DEFAULT 0.00,
  `discount_amount` decimal(16,2) NOT NULL DEFAULT 0.00,
  `discount_percent` decimal(16,2) NOT NULL DEFAULT 0.00,
  `sub_total` decimal(16,2) NOT NULL DEFAULT 0.00,
  `sku` varchar(191) COLLATE utf8mb4_unicode_ci NOT NULL,
  `type` varchar(191) COLLATE utf8mb4_unicode_ci NOT NULL,
  `name` varchar(191) COLLATE utf8mb4_unicode_ci NOT NULL,
  `weight` varchar(191) COLLATE utf8mb4_unicode_ci NOT NULL,
  `attributes` longtext CHARACTER SET utf8mb4 COLLATE utf8mb4_bin NOT NULL CHECK (json_valid(`attributes`)),
  `created_at` timestamp NULL DEFAULT NULL,
  `updated_at` timestamp NULL DEFAULT NULL
) ENGINE=InnoDB DEFAULT CHARSET=utf8mb4 COLLATE=utf8mb4_unicode_ci;

-- --------------------------------------------------------

--
-- Table structure for table `password_resets`
--

CREATE TABLE `password_resets` (
  `email` varchar(191) COLLATE utf8mb4_unicode_ci NOT NULL,
  `token` varchar(191) COLLATE utf8mb4_unicode_ci NOT NULL,
  `created_at` timestamp NULL DEFAULT NULL
) ENGINE=InnoDB DEFAULT CHARSET=utf8mb4 COLLATE=utf8mb4_unicode_ci;

-- --------------------------------------------------------

--
-- Table structure for table `payments`
--

CREATE TABLE `payments` (
  `id` bigint(20) UNSIGNED NOT NULL,
  `order_id` bigint(20) UNSIGNED NOT NULL,
  `number` varchar(191) COLLATE utf8mb4_unicode_ci NOT NULL,
  `amount` decimal(16,2) NOT NULL DEFAULT 0.00,
  `method` varchar(191) COLLATE utf8mb4_unicode_ci NOT NULL,
  `token` varchar(191) COLLATE utf8mb4_unicode_ci DEFAULT NULL,
  `payloads` longtext CHARACTER SET utf8mb4 COLLATE utf8mb4_bin DEFAULT NULL CHECK (json_valid(`payloads`)),
  `payment_type` varchar(191) COLLATE utf8mb4_unicode_ci DEFAULT NULL,
  `va_number` varchar(191) COLLATE utf8mb4_unicode_ci DEFAULT NULL,
  `vendor_name` varchar(191) COLLATE utf8mb4_unicode_ci DEFAULT NULL,
  `biller_code` varchar(191) COLLATE utf8mb4_unicode_ci DEFAULT NULL,
  `bill_key` varchar(191) COLLATE utf8mb4_unicode_ci DEFAULT NULL,
  `deleted_at` timestamp NULL DEFAULT NULL,
  `created_at` timestamp NULL DEFAULT NULL,
  `updated_at` timestamp NULL DEFAULT NULL
) ENGINE=InnoDB DEFAULT CHARSET=utf8mb4 COLLATE=utf8mb4_unicode_ci;

-- --------------------------------------------------------

--
-- Table structure for table `permissions`
--

CREATE TABLE `permissions` (
  `id` bigint(20) UNSIGNED NOT NULL,
  `name` varchar(191) COLLATE utf8mb4_unicode_ci NOT NULL,
  `guard_name` varchar(191) COLLATE utf8mb4_unicode_ci NOT NULL,
  `created_at` timestamp NULL DEFAULT NULL,
  `updated_at` timestamp NULL DEFAULT NULL
) ENGINE=InnoDB DEFAULT CHARSET=utf8mb4 COLLATE=utf8mb4_unicode_ci;

--
-- Dumping data for table `permissions`
--

INSERT INTO `permissions` (`id`, `name`, `guard_name`, `created_at`, `updated_at`) VALUES
(1, 'view_users', 'web', '2020-10-30 04:43:07', '2020-10-30 04:43:07'),
(2, 'add_users', 'web', '2020-10-30 04:43:07', '2020-10-30 04:43:07'),
(3, 'edit_users', 'web', '2020-10-30 04:43:07', '2020-10-30 04:43:07'),
(4, 'delete_users', 'web', '2020-10-30 04:43:07', '2020-10-30 04:43:07'),
(5, 'view_roles', 'web', '2020-10-30 04:43:08', '2020-10-30 04:43:08'),
(6, 'add_roles', 'web', '2020-10-30 04:43:08', '2020-10-30 04:43:08'),
(7, 'edit_roles', 'web', '2020-10-30 04:43:08', '2020-10-30 04:43:08'),
(8, 'delete_roles', 'web', '2020-10-30 04:43:08', '2020-10-30 04:43:08'),
(9, 'view_products', 'web', '2020-10-30 04:43:08', '2020-10-30 04:43:08'),
(10, 'add_products', 'web', '2020-10-30 04:43:08', '2020-10-30 04:43:08'),
(11, 'edit_products', 'web', '2020-10-30 04:43:08', '2020-10-30 04:43:08'),
(12, 'delete_products', 'web', '2020-10-30 04:43:08', '2020-10-30 04:43:08'),
(13, 'view_orders', 'web', '2020-10-30 04:43:08', '2020-10-30 04:43:08'),
(14, 'add_orders', 'web', '2020-10-30 04:43:08', '2020-10-30 04:43:08'),
(15, 'edit_orders', 'web', '2020-10-30 04:43:08', '2020-10-30 04:43:08'),
(16, 'delete_orders', 'web', '2020-10-30 04:43:08', '2020-10-30 04:43:08'),
(17, 'view_categories', 'web', '2020-10-30 04:43:08', '2020-10-30 04:43:08'),
(18, 'add_categories', 'web', '2020-10-30 04:43:08', '2020-10-30 04:43:08'),
(19, 'edit_categories', 'web', '2020-10-30 04:43:08', '2020-10-30 04:43:08'),
(20, 'delete_categories', 'web', '2020-10-30 04:43:08', '2020-10-30 04:43:08'),
(21, 'view_attributes', 'web', '2020-10-30 04:43:08', '2020-10-30 04:43:08'),
(22, 'add_attributes', 'web', '2020-10-30 04:43:08', '2020-10-30 04:43:08'),
(23, 'edit_attributes', 'web', '2020-10-30 04:43:08', '2020-10-30 04:43:08'),
(24, 'delete_attributes', 'web', '2020-10-30 04:43:09', '2020-10-30 04:43:09');

-- --------------------------------------------------------

--
-- Table structure for table `products`
--

CREATE TABLE `products` (
  `id` bigint(20) UNSIGNED NOT NULL,
  `parent_id` bigint(20) UNSIGNED DEFAULT NULL,
  `user_id` bigint(20) UNSIGNED NOT NULL,
  `sku` varchar(191) COLLATE utf8mb4_unicode_ci NOT NULL,
  `type` varchar(191) COLLATE utf8mb4_unicode_ci NOT NULL,
  `name` varchar(191) COLLATE utf8mb4_unicode_ci NOT NULL,
  `slug` varchar(191) COLLATE utf8mb4_unicode_ci NOT NULL,
  `price` decimal(15,2) DEFAULT NULL,
  `weight` decimal(15,2) DEFAULT NULL,
  `width` decimal(10,2) DEFAULT NULL,
  `height` decimal(10,2) DEFAULT NULL,
  `length` decimal(10,2) DEFAULT NULL,
  `short_description` text COLLATE utf8mb4_unicode_ci DEFAULT NULL,
  `description` text COLLATE utf8mb4_unicode_ci DEFAULT NULL,
  `status` int(11) DEFAULT NULL,
  `created_at` timestamp NULL DEFAULT NULL,
  `updated_at` timestamp NULL DEFAULT NULL
) ENGINE=InnoDB DEFAULT CHARSET=utf8mb4 COLLATE=utf8mb4_unicode_ci;

--
-- Dumping data for table `products`
--

INSERT INTO `products` (`id`, `parent_id`, `user_id`, `sku`, `type`, `name`, `slug`, `price`, `weight`, `width`, `height`, `length`, `short_description`, `description`, `status`, `created_at`, `updated_at`) VALUES
(1, NULL, 2, '32426373829', 'simple', 'Pakan Baru', 'pakan-baru', '30000.00', '5.00', NULL, NULL, NULL, NULL, NULL, 1, '2020-10-30 04:52:40', '2020-10-30 04:54:10'),
(2, NULL, 1, '283739284', 'simple', 'Pakannya Bebek', 'pakannya-bebek', '40000.00', '8.00', NULL, NULL, NULL, NULL, NULL, 1, '2020-10-30 05:06:22', '2020-10-30 05:06:47'),
(5, NULL, 1, '29860759283999', 'configurable', 'Pakan Angsa', 'pakan-angsa', NULL, NULL, NULL, NULL, NULL, NULL, NULL, 1, '2020-10-30 05:32:11', '2020-10-30 05:35:15'),
(6, 5, 1, '29860759283999-1-5', 'simple', 'Pakan Angsa - XL - Kuning', 'pakan-angsa-xl-kuning', '60000.00', '20.00', NULL, NULL, NULL, NULL, NULL, 1, '2020-10-30 05:32:11', '2020-10-30 05:35:15');

-- --------------------------------------------------------

--
-- Table structure for table `product_attribute_values`
--

CREATE TABLE `product_attribute_values` (
  `id` bigint(20) UNSIGNED NOT NULL,
  `parent_product_id` bigint(20) UNSIGNED DEFAULT NULL,
  `product_id` bigint(20) UNSIGNED NOT NULL,
  `attribute_id` bigint(20) UNSIGNED NOT NULL,
  `text_value` text COLLATE utf8mb4_unicode_ci DEFAULT NULL,
  `boolean_value` tinyint(1) DEFAULT NULL,
  `integer_value` int(11) DEFAULT NULL,
  `float_value` decimal(8,2) DEFAULT NULL,
  `datetime_value` datetime DEFAULT NULL,
  `date_value` date DEFAULT NULL,
  `json_value` text COLLATE utf8mb4_unicode_ci DEFAULT NULL,
  `created_at` timestamp NULL DEFAULT NULL,
  `updated_at` timestamp NULL DEFAULT NULL
) ENGINE=InnoDB DEFAULT CHARSET=utf8mb4 COLLATE=utf8mb4_unicode_ci;

--
-- Dumping data for table `product_attribute_values`
--

INSERT INTO `product_attribute_values` (`id`, `parent_product_id`, `product_id`, `attribute_id`, `text_value`, `boolean_value`, `integer_value`, `float_value`, `datetime_value`, `date_value`, `json_value`, `created_at`, `updated_at`) VALUES
(1, NULL, 6, 1, 'XL', NULL, NULL, NULL, NULL, NULL, NULL, '2020-10-30 05:32:11', '2020-10-30 05:32:11'),
(2, NULL, 6, 2, 'Kuning', NULL, NULL, NULL, NULL, NULL, NULL, '2020-10-30 05:32:11', '2020-10-30 05:32:11');

-- --------------------------------------------------------

--
-- Table structure for table `product_categories`
--

CREATE TABLE `product_categories` (
  `id` bigint(20) UNSIGNED NOT NULL,
  `product_id` bigint(20) UNSIGNED NOT NULL,
  `category_id` bigint(20) UNSIGNED NOT NULL
) ENGINE=InnoDB DEFAULT CHARSET=utf8mb4 COLLATE=utf8mb4_unicode_ci;

-- --------------------------------------------------------

--
-- Table structure for table `product_images`
--

CREATE TABLE `product_images` (
  `id` bigint(20) UNSIGNED NOT NULL,
  `product_id` bigint(20) UNSIGNED NOT NULL,
  `path` text COLLATE utf8mb4_unicode_ci NOT NULL,
  `created_at` timestamp NULL DEFAULT NULL,
  `updated_at` timestamp NULL DEFAULT NULL
) ENGINE=InnoDB DEFAULT CHARSET=utf8mb4 COLLATE=utf8mb4_unicode_ci;

--
-- Dumping data for table `product_images`
--

INSERT INTO `product_images` (`id`, `product_id`, `path`, `created_at`, `updated_at`) VALUES
(1, 1, 'uploads/images/pakan-baru_1604135645.jpg', '2020-10-31 02:14:06', '2020-10-31 02:14:06'),
(3, 5, 'uploads/images/pakan-angsa_1604141106.png', '2020-10-31 03:45:06', '2020-10-31 03:45:06');

-- --------------------------------------------------------

--
-- Table structure for table `product_inventories`
--

CREATE TABLE `product_inventories` (
  `id` bigint(20) UNSIGNED NOT NULL,
  `product_id` bigint(20) UNSIGNED NOT NULL,
  `qty` int(11) NOT NULL,
  `created_at` timestamp NULL DEFAULT NULL,
  `updated_at` timestamp NULL DEFAULT NULL
) ENGINE=InnoDB DEFAULT CHARSET=utf8mb4 COLLATE=utf8mb4_unicode_ci;

--
-- Dumping data for table `product_inventories`
--

INSERT INTO `product_inventories` (`id`, `product_id`, `qty`, `created_at`, `updated_at`) VALUES
(1, 1, 10, '2020-10-30 04:54:10', '2020-10-30 04:54:10'),
(2, 2, 10, '2020-10-30 05:06:47', '2020-10-30 05:06:47'),
(3, 6, 5, '2020-10-30 05:35:15', '2020-10-30 05:35:15');

-- --------------------------------------------------------

--
-- Table structure for table `roles`
--

CREATE TABLE `roles` (
  `id` bigint(20) UNSIGNED NOT NULL,
  `name` varchar(191) COLLATE utf8mb4_unicode_ci NOT NULL,
  `guard_name` varchar(191) COLLATE utf8mb4_unicode_ci NOT NULL,
  `created_at` timestamp NULL DEFAULT NULL,
  `updated_at` timestamp NULL DEFAULT NULL
) ENGINE=InnoDB DEFAULT CHARSET=utf8mb4 COLLATE=utf8mb4_unicode_ci;

--
-- Dumping data for table `roles`
--

INSERT INTO `roles` (`id`, `name`, `guard_name`, `created_at`, `updated_at`) VALUES
(1, 'Admin', 'web', '2020-10-30 04:43:16', '2020-10-30 04:43:16'),
(2, 'Operator', 'web', '2020-10-30 04:43:18', '2020-10-30 04:43:18'),
(3, 'Layanan Kebersihan', 'web', '2020-10-30 17:52:28', '2020-10-30 17:52:28');

-- --------------------------------------------------------

--
-- Table structure for table `role_has_permissions`
--

CREATE TABLE `role_has_permissions` (
  `permission_id` bigint(20) UNSIGNED NOT NULL,
  `role_id` bigint(20) UNSIGNED NOT NULL
) ENGINE=InnoDB DEFAULT CHARSET=utf8mb4 COLLATE=utf8mb4_unicode_ci;

--
-- Dumping data for table `role_has_permissions`
--

INSERT INTO `role_has_permissions` (`permission_id`, `role_id`) VALUES
(1, 1),
(1, 2),
(2, 1),
(3, 1),
(4, 1),
(5, 1),
(5, 2),
(6, 1),
(7, 1),
(8, 1),
(9, 1),
(9, 2),
(10, 1),
(11, 1),
(12, 1),
(13, 1),
(13, 2),
(14, 1),
(15, 1),
(16, 1),
(17, 1),
(17, 2),
(18, 1),
(19, 1),
(20, 1),
(21, 1),
(21, 2),
(22, 1),
(23, 1),
(24, 1);

-- --------------------------------------------------------

--
-- Table structure for table `shipments`
--

CREATE TABLE `shipments` (
  `id` bigint(20) UNSIGNED NOT NULL,
  `user_id` bigint(20) UNSIGNED NOT NULL,
  `order_id` bigint(20) UNSIGNED NOT NULL,
  `track_number` varchar(191) COLLATE utf8mb4_unicode_ci DEFAULT NULL,
  `status` varchar(191) COLLATE utf8mb4_unicode_ci NOT NULL,
  `total_qty` int(11) NOT NULL,
  `total_weight` int(11) NOT NULL,
  `first_name` varchar(191) COLLATE utf8mb4_unicode_ci NOT NULL,
  `last_name` varchar(191) COLLATE utf8mb4_unicode_ci NOT NULL,
  `address1` varchar(191) COLLATE utf8mb4_unicode_ci DEFAULT NULL,
  `address2` varchar(191) COLLATE utf8mb4_unicode_ci DEFAULT NULL,
  `phone` varchar(191) COLLATE utf8mb4_unicode_ci DEFAULT NULL,
  `email` varchar(191) COLLATE utf8mb4_unicode_ci DEFAULT NULL,
  `city_id` varchar(191) COLLATE utf8mb4_unicode_ci DEFAULT NULL,
  `province_id` varchar(191) COLLATE utf8mb4_unicode_ci DEFAULT NULL,
  `postcode` int(11) DEFAULT NULL,
  `shipped_by` bigint(20) UNSIGNED DEFAULT NULL,
  `shipped_at` datetime DEFAULT NULL,
  `deleted_at` timestamp NULL DEFAULT NULL,
  `created_at` timestamp NULL DEFAULT NULL,
  `updated_at` timestamp NULL DEFAULT NULL
) ENGINE=InnoDB DEFAULT CHARSET=utf8mb4 COLLATE=utf8mb4_unicode_ci;

-- --------------------------------------------------------

--
-- Table structure for table `users`
--

CREATE TABLE `users` (
  `id` bigint(20) UNSIGNED NOT NULL,
  `first_name` varchar(191) COLLATE utf8mb4_unicode_ci NOT NULL,
  `last_name` varchar(191) COLLATE utf8mb4_unicode_ci DEFAULT NULL,
  `usertype` varchar(191) COLLATE utf8mb4_unicode_ci DEFAULT NULL,
  `email` varchar(191) COLLATE utf8mb4_unicode_ci NOT NULL,
  `phone` varchar(191) COLLATE utf8mb4_unicode_ci DEFAULT NULL,
  `email_verified_at` timestamp NULL DEFAULT NULL,
  `password` varchar(191) COLLATE utf8mb4_unicode_ci NOT NULL,
  `remember_token` varchar(100) COLLATE utf8mb4_unicode_ci DEFAULT NULL,
  `company` varchar(191) COLLATE utf8mb4_unicode_ci DEFAULT NULL,
  `address1` varchar(191) COLLATE utf8mb4_unicode_ci DEFAULT NULL,
  `address2` varchar(191) COLLATE utf8mb4_unicode_ci DEFAULT NULL,
  `province_id` int(11) DEFAULT NULL,
  `city_id` int(11) DEFAULT NULL,
  `postcode` int(11) DEFAULT NULL,
  `created_at` timestamp NULL DEFAULT NULL,
  `updated_at` timestamp NULL DEFAULT NULL
) ENGINE=InnoDB DEFAULT CHARSET=utf8mb4 COLLATE=utf8mb4_unicode_ci;

--
-- Dumping data for table `users`
--

INSERT INTO `users` (`id`, `first_name`, `last_name`, `usertype`, `email`, `phone`, `email_verified_at`, `password`, `remember_token`, `company`, `address1`, `address2`, `province_id`, `city_id`, `postcode`, `created_at`, `updated_at`) VALUES
(1, 'Felicity Price', NULL, NULL, 'admin@example.com', NULL, '2020-10-30 04:43:18', '$2y$10$92IXUNpkjO0rOQ5byMi.Ye4oKoEa3Ro9llC/.og/at2.uheWG/igi', 'Qx2pxTpQWqF7JgSM4kc2Ii8l1Ng95iAcMvPMGFKkXHwx241xdDBPV6w4Ptwz', NULL, NULL, NULL, NULL, NULL, NULL, '2020-10-30 04:43:18', '2020-10-30 04:43:18'),
(2, 'Prof. Lloyd Hansen III', NULL, NULL, 'operator@example.com', NULL, '2020-10-30 04:43:18', '$2y$10$92IXUNpkjO0rOQ5byMi.Ye4oKoEa3Ro9llC/.og/at2.uheWG/igi', 'pKGHVE9RqEujqYLZT1MUSJx6ZQQjwppSmbMEgdRmN0zTjQoqHVGgWefGMXdI', NULL, NULL, NULL, NULL, NULL, NULL, '2020-10-30 04:43:18', '2020-10-30 04:43:18'),
(3, 'Tukang Kebersihan', NULL, NULL, 'tukang@example.com', NULL, NULL, '$2y$10$nqxCg7DQR3MyMFPca6JPMelH0LW4TqfwAQU/rbcCSrb39nZoQXITq', NULL, NULL, NULL, NULL, NULL, NULL, NULL, '2020-10-30 16:58:51', '2020-10-30 16:58:51');

--
-- Indexes for dumped tables
--

--
-- Indexes for table `attributes`
--
ALTER TABLE `attributes`
  ADD PRIMARY KEY (`id`);

--
-- Indexes for table `attribute_options`
--
ALTER TABLE `attribute_options`
  ADD PRIMARY KEY (`id`),
  ADD KEY `attribute_options_attribute_id_foreign` (`attribute_id`);

--
-- Indexes for table `categories`
--
ALTER TABLE `categories`
  ADD PRIMARY KEY (`id`);

--
-- Indexes for table `jobs`
--
ALTER TABLE `jobs`
  ADD PRIMARY KEY (`id`),
  ADD KEY `jobs_queue_index` (`queue`);

--
-- Indexes for table `migrations`
--
ALTER TABLE `migrations`
  ADD PRIMARY KEY (`id`);

--
-- Indexes for table `model_has_permissions`
--
ALTER TABLE `model_has_permissions`
  ADD PRIMARY KEY (`permission_id`,`model_id`,`model_type`),
  ADD KEY `model_has_permissions_model_id_model_type_index` (`model_id`,`model_type`);

--
-- Indexes for table `model_has_roles`
--
ALTER TABLE `model_has_roles`
  ADD PRIMARY KEY (`role_id`,`model_id`,`model_type`),
  ADD KEY `model_has_roles_model_id_model_type_index` (`model_id`,`model_type`);

--
-- Indexes for table `orders`
--
ALTER TABLE `orders`
  ADD PRIMARY KEY (`id`),
  ADD UNIQUE KEY `orders_code_unique` (`code`),
  ADD KEY `orders_user_id_foreign` (`user_id`),
  ADD KEY `orders_approved_by_foreign` (`approved_by`),
  ADD KEY `orders_cancelled_by_foreign` (`cancelled_by`),
  ADD KEY `orders_code_index` (`code`),
  ADD KEY `orders_code_order_date_index` (`code`,`order_date`);

--
-- Indexes for table `order_items`
--
ALTER TABLE `order_items`
  ADD PRIMARY KEY (`id`),
  ADD KEY `order_items_order_id_foreign` (`order_id`),
  ADD KEY `order_items_product_id_foreign` (`product_id`),
  ADD KEY `order_items_sku_index` (`sku`);

--
-- Indexes for table `password_resets`
--
ALTER TABLE `password_resets`
  ADD KEY `password_resets_email_index` (`email`);

--
-- Indexes for table `payments`
--
ALTER TABLE `payments`
  ADD PRIMARY KEY (`id`),
  ADD UNIQUE KEY `payments_number_unique` (`number`),
  ADD KEY `payments_order_id_foreign` (`order_id`),
  ADD KEY `payments_number_index` (`number`),
  ADD KEY `payments_method_index` (`method`),
  ADD KEY `payments_token_index` (`token`),
  ADD KEY `payments_payment_type_index` (`payment_type`);

--
-- Indexes for table `permissions`
--
ALTER TABLE `permissions`
  ADD PRIMARY KEY (`id`);

--
-- Indexes for table `products`
--
ALTER TABLE `products`
  ADD PRIMARY KEY (`id`),
  ADD KEY `products_user_id_foreign` (`user_id`),
  ADD KEY `products_parent_id_foreign` (`parent_id`);
ALTER TABLE `products` ADD FULLTEXT KEY `search` (`name`,`slug`,`short_description`,`description`);

--
-- Indexes for table `product_attribute_values`
--
ALTER TABLE `product_attribute_values`
  ADD PRIMARY KEY (`id`),
  ADD KEY `product_attribute_values_product_id_foreign` (`product_id`),
  ADD KEY `product_attribute_values_attribute_id_foreign` (`attribute_id`),
  ADD KEY `product_attribute_values_parent_product_id_foreign` (`parent_product_id`);

--
-- Indexes for table `product_categories`
--
ALTER TABLE `product_categories`
  ADD PRIMARY KEY (`id`),
  ADD KEY `product_categories_product_id_foreign` (`product_id`),
  ADD KEY `product_categories_category_id_foreign` (`category_id`);

--
-- Indexes for table `product_images`
--
ALTER TABLE `product_images`
  ADD PRIMARY KEY (`id`),
  ADD KEY `product_images_product_id_foreign` (`product_id`);

--
-- Indexes for table `product_inventories`
--
ALTER TABLE `product_inventories`
  ADD PRIMARY KEY (`id`),
  ADD KEY `product_inventories_product_id_foreign` (`product_id`);

--
-- Indexes for table `roles`
--
ALTER TABLE `roles`
  ADD PRIMARY KEY (`id`);

--
-- Indexes for table `role_has_permissions`
--
ALTER TABLE `role_has_permissions`
  ADD PRIMARY KEY (`permission_id`,`role_id`),
  ADD KEY `role_has_permissions_role_id_foreign` (`role_id`);

--
-- Indexes for table `shipments`
--
ALTER TABLE `shipments`
  ADD PRIMARY KEY (`id`),
  ADD KEY `shipments_user_id_foreign` (`user_id`),
  ADD KEY `shipments_order_id_foreign` (`order_id`),
  ADD KEY `shipments_shipped_by_foreign` (`shipped_by`),
  ADD KEY `shipments_track_number_index` (`track_number`);

--
-- Indexes for table `users`
--
ALTER TABLE `users`
  ADD PRIMARY KEY (`id`),
  ADD UNIQUE KEY `users_email_unique` (`email`);

--
-- AUTO_INCREMENT for dumped tables
--

--
-- AUTO_INCREMENT for table `attributes`
--
ALTER TABLE `attributes`
  MODIFY `id` bigint(20) UNSIGNED NOT NULL AUTO_INCREMENT, AUTO_INCREMENT=3;

--
-- AUTO_INCREMENT for table `attribute_options`
--
ALTER TABLE `attribute_options`
  MODIFY `id` bigint(20) UNSIGNED NOT NULL AUTO_INCREMENT, AUTO_INCREMENT=7;

--
-- AUTO_INCREMENT for table `categories`
--
ALTER TABLE `categories`
  MODIFY `id` bigint(20) UNSIGNED NOT NULL AUTO_INCREMENT, AUTO_INCREMENT=4;

--
-- AUTO_INCREMENT for table `jobs`
--
ALTER TABLE `jobs`
  MODIFY `id` bigint(20) UNSIGNED NOT NULL AUTO_INCREMENT;

--
-- AUTO_INCREMENT for table `migrations`
--
ALTER TABLE `migrations`
  MODIFY `id` int(10) UNSIGNED NOT NULL AUTO_INCREMENT, AUTO_INCREMENT=115;

--
-- AUTO_INCREMENT for table `orders`
--
ALTER TABLE `orders`
  MODIFY `id` bigint(20) UNSIGNED NOT NULL AUTO_INCREMENT;

--
-- AUTO_INCREMENT for table `order_items`
--
ALTER TABLE `order_items`
  MODIFY `id` bigint(20) UNSIGNED NOT NULL AUTO_INCREMENT;

--
-- AUTO_INCREMENT for table `payments`
--
ALTER TABLE `payments`
  MODIFY `id` bigint(20) UNSIGNED NOT NULL AUTO_INCREMENT;

--
-- AUTO_INCREMENT for table `permissions`
--
ALTER TABLE `permissions`
  MODIFY `id` bigint(20) UNSIGNED NOT NULL AUTO_INCREMENT, AUTO_INCREMENT=25;

--
-- AUTO_INCREMENT for table `products`
--
ALTER TABLE `products`
  MODIFY `id` bigint(20) UNSIGNED NOT NULL AUTO_INCREMENT, AUTO_INCREMENT=7;

--
-- AUTO_INCREMENT for table `product_attribute_values`
--
ALTER TABLE `product_attribute_values`
  MODIFY `id` bigint(20) UNSIGNED NOT NULL AUTO_INCREMENT, AUTO_INCREMENT=3;

--
-- AUTO_INCREMENT for table `product_categories`
--
ALTER TABLE `product_categories`
  MODIFY `id` bigint(20) UNSIGNED NOT NULL AUTO_INCREMENT;

--
-- AUTO_INCREMENT for table `product_images`
--
ALTER TABLE `product_images`
  MODIFY `id` bigint(20) UNSIGNED NOT NULL AUTO_INCREMENT, AUTO_INCREMENT=4;

--
-- AUTO_INCREMENT for table `product_inventories`
--
ALTER TABLE `product_inventories`
  MODIFY `id` bigint(20) UNSIGNED NOT NULL AUTO_INCREMENT, AUTO_INCREMENT=4;

--
-- AUTO_INCREMENT for table `roles`
--
ALTER TABLE `roles`
  MODIFY `id` bigint(20) UNSIGNED NOT NULL AUTO_INCREMENT, AUTO_INCREMENT=4;

--
-- AUTO_INCREMENT for table `shipments`
--
ALTER TABLE `shipments`
  MODIFY `id` bigint(20) UNSIGNED NOT NULL AUTO_INCREMENT;

--
-- AUTO_INCREMENT for table `users`
--
ALTER TABLE `users`
  MODIFY `id` bigint(20) UNSIGNED NOT NULL AUTO_INCREMENT, AUTO_INCREMENT=4;

--
-- Constraints for dumped tables
--

--
-- Constraints for table `attribute_options`
--
ALTER TABLE `attribute_options`
  ADD CONSTRAINT `attribute_options_attribute_id_foreign` FOREIGN KEY (`attribute_id`) REFERENCES `attributes` (`id`) ON DELETE CASCADE;

--
-- Constraints for table `model_has_permissions`
--
ALTER TABLE `model_has_permissions`
  ADD CONSTRAINT `model_has_permissions_permission_id_foreign` FOREIGN KEY (`permission_id`) REFERENCES `permissions` (`id`) ON DELETE CASCADE;

--
-- Constraints for table `model_has_roles`
--
ALTER TABLE `model_has_roles`
  ADD CONSTRAINT `model_has_roles_role_id_foreign` FOREIGN KEY (`role_id`) REFERENCES `roles` (`id`) ON DELETE CASCADE;

--
-- Constraints for table `orders`
--
ALTER TABLE `orders`
  ADD CONSTRAINT `orders_approved_by_foreign` FOREIGN KEY (`approved_by`) REFERENCES `users` (`id`),
  ADD CONSTRAINT `orders_cancelled_by_foreign` FOREIGN KEY (`cancelled_by`) REFERENCES `users` (`id`),
  ADD CONSTRAINT `orders_user_id_foreign` FOREIGN KEY (`user_id`) REFERENCES `users` (`id`);

--
-- Constraints for table `order_items`
--
ALTER TABLE `order_items`
  ADD CONSTRAINT `order_items_order_id_foreign` FOREIGN KEY (`order_id`) REFERENCES `orders` (`id`),
  ADD CONSTRAINT `order_items_product_id_foreign` FOREIGN KEY (`product_id`) REFERENCES `products` (`id`);

--
-- Constraints for table `payments`
--
ALTER TABLE `payments`
  ADD CONSTRAINT `payments_order_id_foreign` FOREIGN KEY (`order_id`) REFERENCES `orders` (`id`);

--
-- Constraints for table `products`
--
ALTER TABLE `products`
  ADD CONSTRAINT `products_parent_id_foreign` FOREIGN KEY (`parent_id`) REFERENCES `products` (`id`),
  ADD CONSTRAINT `products_user_id_foreign` FOREIGN KEY (`user_id`) REFERENCES `users` (`id`);

--
-- Constraints for table `product_attribute_values`
--
ALTER TABLE `product_attribute_values`
  ADD CONSTRAINT `product_attribute_values_attribute_id_foreign` FOREIGN KEY (`attribute_id`) REFERENCES `attributes` (`id`),
  ADD CONSTRAINT `product_attribute_values_parent_product_id_foreign` FOREIGN KEY (`parent_product_id`) REFERENCES `products` (`id`),
  ADD CONSTRAINT `product_attribute_values_product_id_foreign` FOREIGN KEY (`product_id`) REFERENCES `products` (`id`) ON DELETE CASCADE;

--
-- Constraints for table `product_categories`
--
ALTER TABLE `product_categories`
  ADD CONSTRAINT `product_categories_category_id_foreign` FOREIGN KEY (`category_id`) REFERENCES `categories` (`id`) ON DELETE CASCADE,
  ADD CONSTRAINT `product_categories_product_id_foreign` FOREIGN KEY (`product_id`) REFERENCES `products` (`id`) ON DELETE CASCADE;

--
-- Constraints for table `product_images`
--
ALTER TABLE `product_images`
  ADD CONSTRAINT `product_images_product_id_foreign` FOREIGN KEY (`product_id`) REFERENCES `products` (`id`) ON DELETE CASCADE;

--
-- Constraints for table `product_inventories`
--
ALTER TABLE `product_inventories`
  ADD CONSTRAINT `product_inventories_product_id_foreign` FOREIGN KEY (`product_id`) REFERENCES `products` (`id`) ON DELETE CASCADE;

--
-- Constraints for table `role_has_permissions`
--
ALTER TABLE `role_has_permissions`
  ADD CONSTRAINT `role_has_permissions_permission_id_foreign` FOREIGN KEY (`permission_id`) REFERENCES `permissions` (`id`) ON DELETE CASCADE,
  ADD CONSTRAINT `role_has_permissions_role_id_foreign` FOREIGN KEY (`role_id`) REFERENCES `roles` (`id`) ON DELETE CASCADE;

--
-- Constraints for table `shipments`
--
ALTER TABLE `shipments`
  ADD CONSTRAINT `shipments_order_id_foreign` FOREIGN KEY (`order_id`) REFERENCES `orders` (`id`),
  ADD CONSTRAINT `shipments_shipped_by_foreign` FOREIGN KEY (`shipped_by`) REFERENCES `users` (`id`),
  ADD CONSTRAINT `shipments_user_id_foreign` FOREIGN KEY (`user_id`) REFERENCES `users` (`id`);
COMMIT;

/*!40101 SET CHARACTER_SET_CLIENT=@OLD_CHARACTER_SET_CLIENT */;
/*!40101 SET CHARACTER_SET_RESULTS=@OLD_CHARACTER_SET_RESULTS */;
/*!40101 SET COLLATION_CONNECTION=@OLD_COLLATION_CONNECTION */;
